transaction_id,amount,date
1,1342.3,2025-04-26 00:18:07
2,1724.95,2025-03-13 16:11:05
3,4993.13,2025-03-13 14:35:56
4,71893.91,2025-01-01 16:37:46
5,1278.89,2025-05-18 03:24:04
6,156.34,2025-05-13 04:01:43
7,2010.21,2025-03-14 04:38:57
8,3234.56,2025-01-21 19:43:33
9,3162.89,2025-02-13 08:12:31
10,1841.96,2025-04-27 15:51:05
11,2174.44,2025-05-20 19:43:07
12,3390.12,2025-02-11 23:31:03
13,1017.09,2025-03-17 05:50:13
14,79482.63,2025-05-27 17:39:17
15,4067.67,2025-04-03 22:23:18
16,2142.38,2025-03-24 23:13:13
17,3331.1,2025-03-30 17:26:47
18,2730.55,2025-05-02 14:06:10
19,3069.2,2025-02-08 05:24:12
20,2600.43,2025-04-12 02:08:34
21,46355.61,2025-02-17 00:41:56
22,3984.07,2025-01-24 17:34:27
23,4712.43,2025-04-12 15:09:57
24,4405.93,2025-01-25 16:18:50
25,4416.4,2025-04-21 15:47:52
26,1880.27,2025-04-20 00:52:09
27,3332.77,2025-02-10 20:22:35
28,804.56,2025-03-02 08:23:20
29,781.55,2025-03-12 15:36:58
30,1356.71,2025-04-03 12:40:59
31,2235.31,2025-01-24 09:10:52
32,4714.65,2025-02-13 16:46:24
33,1988.68,2025-02-08 12:23:52
34,2752.56,2025-05-05 15:03:41
35,2471.03,2025-03-06 12:47:28
36,3210.26,2025-03-18 23:40:18
37,2243.58,2025-01-12 09:56:57
38,1329.67,2025-03-30 22:27:53
39,569.7,2025-02-24 15:31:49
40,787.7,2025-05-31 06:25:08
41,1571.57,2025-01-12 08:37:18
42,3171.21,2025-01-09 23:42:22
43,3440.65,2025-04-17 19:57:11
44,3324.65,2025-03-28 14:30:30
45,4814.4,2025-04-11 20:27:18
46,1657.43,2025-03-13 11:00:41
47,659.53,2025-04-29 22:16:41
48,3991.55,2025-05-27 21:32:21
49,1085.13,2025-02-09 10:40:52
50,587.49,2025-02-02 12:13:34
51,2181.05,2025-01-25 23:00:53
52,18189.82,2025-02-16 05:22:59
53,2111.26,2025-03-12 18:36:36
54,390.56,2025-03-30 11:17:46
55,1893.93,2025-02-11 20:56:47
56,65454.48,2025-02-01 20:45:22
57,1298.98,2025-03-02 18:07:34
58,70709.2,2025-02-26 04:54:37
59,2924.04,2025-01-05 14:18:36
60,2075.84,2025-05-10 09:34:04
61,4255.44,2025-04-03 19:39:04
62,1399.81,2025-01-20 20:16:10
63,4960.37,2025-05-03 09:50:22
64,2714.52,2025-01-23 03:01:21
65,1115.82,2025-01-29 05:27:07
66,2614.18,2025-04-08 05:56:04
67,1486.43,2025-03-17 10:55:20
68,4380.18,2025-05-23 05:39:44
69,2168.27,2025-03-19 16:26:02
70,29716.59,2025-05-26 02:53:14
71,3015.85,2025-04-08 19:13:08
72,1836.33,2025-01-19 18:20:51
73,4535.24,2025-03-05 12:55:45
74,3131.35,2025-02-05 02:08:36
75,206.55,2025-04-11 16:16:23
76,1088.12,2025-05-31 23:45:26
77,83781.11,2025-02-04 09:24:51
78,2879.74,2025-03-12 13:01:43
79,2495.97,2025-03-06 11:47:36
80,76616.47,2025-01-27 10:55:50
81,1914.22,2025-02-22 17:23:37
82,1376.44,2025-04-12 23:00:23
83,2284.77,2025-02-04 09:56:05
84,4716.99,2025-01-14 14:57:40
85,34531.51,2025-03-22 04:29:29
86,215.3,2025-02-14 01:40:05
87,4905.42,2025-01-05 08:32:11
88,1812.53,2025-05-15 15:30:06
89,3406.44,2025-02-15 17:51:43
90,2589.68,2025-03-29 05:05:25
91,305.08,2025-02-04 18:09:12
92,890.41,2025-01-11 14:58:30
93,2683.28,2025-02-26 01:25:28
94,1609.62,2025-05-08 07:33:25
95,1542.32,2025-04-21 06:38:04
96,1500.77,2025-01-28 02:18:33
97,2916.96,2025-02-01 09:01:53
98,10352.79,2025-05-01 18:29:19
99,177.3,2025-05-02 02:27:33
100,4322.91,2025-03-13 23:46:04
101,2335.25,2025-03-24 14:45:52
102,1114.64,2025-02-18 16:32:09
103,1057.4,2025-04-16 20:01:43
104,1131.33,2025-03-07 15:56:50
105,415.54,2025-05-17 11:52:09
106,3972.14,2025-01-24 03:13:06
107,566.7,2025-04-04 03:30:32
108,1928.39,2025-03-03 22:38:49
109,4133.57,2025-02-03 17:02:32
110,4840.58,2025-02-04 20:20:41
111,3017.2,2025-02-16 02:06:24
112,751.98,2025-02-13 07:16:15
113,3572.98,2025-01-21 23:24:28
114,1690.23,2025-01-20 13:58:30
115,4412.97,2025-01-01 05:43:40
116,1759.44,2025-01-11 05:37:57
117,15828.79,2025-02-11 16:44:10
118,1608.19,2025-05-14 12:59:03
119,1634.53,2025-01-11 13:20:42
120,60268.44,2025-01-01 13:00:48
121,449.72,2025-03-24 06:35:18
122,346.45,2025-05-16 12:35:18
123,3467.53,2025-03-28 15:57:54
124,60547.31,2025-05-20 15:13:25
125,87450.1,2025-05-25 13:10:29
126,4867.27,2025-04-11 12:45:11
127,1753.36,2025-02-13 10:29:21
128,44502.26,2025-03-29 22:22:44
129,2150.26,2025-02-03 13:59:19
130,3681.76,2025-03-15 00:33:49
131,2856.42,2025-01-31 23:58:59
132,4221.8,2025-04-03 13:45:16
133,8514.3,2025-01-29 19:53:51
134,4206.28,2025-04-12 16:45:17
135,563.09,2025-03-14 14:08:37
136,3553.54,2025-01-02 17:16:24
137,2823.32,2025-02-13 21:39:18
138,170.53,2025-05-08 13:23:59
139,2316.62,2025-04-26 20:38:36
140,839.13,2025-04-11 00:10:14
141,60021.47,2025-05-15 07:51:21
142,3046.61,2025-04-19 10:10:16
143,3295.41,2025-02-12 17:46:51
144,2862.91,2025-01-29 07:32:41
145,1040.32,2025-05-26 21:16:56
146,1036.51,2025-02-08 14:02:56
147,2231.4,2025-03-07 11:07:53
148,1100.52,2025-03-30 02:46:28
149,3163.9,2025-03-10 01:18:50
150,2633.07,2025-02-15 08:31:32
151,3101.06,2025-03-09 05:20:19
152,2893.33,2025-04-10 23:55:30
153,3439.16,2025-04-01 23:53:09
154,275.6,2025-02-19 18:34:01
155,2808.72,2025-02-28 12:46:31
156,691.57,2025-03-07 18:38:55
157,4192.66,2025-05-20 08:28:48
158,37079.4,2025-01-29 23:36:23
159,431.14,2025-05-10 04:40:01
160,3203.08,2025-01-17 22:17:28
161,42251.62,2025-02-20 22:20:52
162,1220.57,2025-04-03 10:25:01
163,2521.65,2025-05-01 23:51:22
164,3402.44,2025-02-21 11:28:29
165,656.21,2025-03-14 21:56:06
166,89436.9,2025-05-25 16:35:07
167,3392.96,2025-01-03 22:51:34
168,4445.32,2025-05-21 03:43:40
169,75872.07,2025-03-30 18:35:19
170,215.31,2025-03-21 13:27:36
171,3757.93,2025-02-14 13:06:55
172,372.64,2025-03-05 12:32:02
173,1516.68,2025-05-14 22:56:19
174,3942.74,2025-03-09 17:33:30
175,3335.18,2025-04-19 16:48:05
176,4274.49,2025-02-04 11:22:01
177,93.66,2025-04-14 21:10:06
178,19057.41,2025-02-17 02:36:09
179,1403.2,2025-04-17 14:19:44
180,55492.32,2025-02-18 00:46:54
181,1731.97,2025-04-02 07:52:06
182,324.44,2025-01-29 02:28:22
183,2845.46,2025-04-07 13:12:26
184,819.01,2025-01-23 16:34:41
185,227.4,2025-02-12 08:04:28
186,22285.52,2025-02-21 00:37:38
187,1799.3,2025-01-03 01:05:55
188,638.56,2025-02-11 19:19:30
189,2793.92,2025-04-24 18:20:57
190,3232.56,2025-02-12 19:19:06
191,44560.49,2025-04-05 06:38:48
192,3422.48,2025-05-03 19:27:15
193,81953.93,2025-04-29 04:59:12
194,3270.24,2025-01-02 15:08:44
195,14.69,2025-03-25 23:43:19
196,1263.48,2025-04-25 12:39:30
197,3522.28,2025-01-26 08:08:18
198,3136.33,2025-02-28 03:58:07
199,1867.49,2025-02-15 02:11:13
200,844.75,2025-01-24 04:47:07
201,1002.02,2025-04-10 12:17:59
202,434.95,2025-01-21 10:21:50
203,2666.13,2025-03-23 20:53:48
204,2281.71,2025-05-02 04:06:01
205,2664.76,2025-05-18 08:11:24
206,3017.55,2025-03-09 00:24:55
207,96371.68,2025-02-21 20:50:17
208,73856.81,2025-04-23 22:11:05
209,2617.13,2025-04-20 10:48:33
210,4136.62,2025-03-12 12:13:11
211,81438.52,2025-03-07 15:12:03
212,1604.81,2025-01-27 14:56:08
213,1423.71,2025-02-16 23:30:25
214,1407.85,2025-02-15 06:01:23
215,602.2,2025-04-09 23:19:47
216,418.87,2025-02-25 20:59:07
217,1088.48,2025-05-29 22:08:21
218,68876.7,2025-01-18 03:43:54
219,1298.87,2025-04-07 04:23:19
220,4910.98,2025-03-20 11:57:55
221,845.16,2025-05-06 16:30:15
222,3912.3,2025-01-10 20:46:32
223,54633.21,2025-05-13 13:53:37
224,59854.25,2025-05-03 09:34:52
225,484.61,2025-02-09 08:53:09
226,3166.66,2025-05-26 19:26:54
227,2235.66,2025-04-05 05:40:31
228,1786.12,2025-04-12 08:04:33
229,998.25,2025-02-17 18:57:12
230,1477.98,2025-02-23 17:52:36
231,86334.27,2025-03-19 02:47:25
232,2406.04,2025-02-18 03:27:28
233,2906.16,2025-05-29 16:31:30
234,889.47,2025-01-07 22:15:23
235,43748.98,2025-04-03 01:07:58
236,2880.61,2025-05-04 17:34:48
237,3397.05,2025-05-05 23:43:31
238,2384.95,2025-02-18 18:27:36
239,2305.44,2025-04-29 03:16:43
240,1032.06,2025-01-13 05:59:25
241,3575.73,2025-04-19 08:33:33
242,964.41,2025-04-08 04:07:13
243,16880.86,2025-04-13 12:21:53
244,3090.6,2025-02-16 17:32:31
245,6060.28,2025-03-02 02:55:55
246,4284.42,2025-04-06 09:26:02
247,30327.57,2025-05-13 11:26:52
248,3117.63,2025-02-04 08:02:06
249,1131.71,2025-02-15 13:03:32
250,1057.49,2025-04-15 14:28:38
251,1291.54,2025-02-28 18:25:56
252,835.18,2025-03-04 16:17:37
253,300.71,2025-01-03 02:23:33
254,82413.41,2025-03-01 20:40:23
255,496.9,2025-03-18 05:21:32
256,3250.27,2025-01-05 19:49:19
257,27937.65,2025-03-08 14:29:29
258,869.49,2025-05-02 16:53:25
259,1527.01,2025-02-11 04:39:43
260,724.75,2025-01-15 13:58:56
261,3114.72,2025-01-14 17:10:38
262,390.87,2025-05-08 23:46:06
263,56523.18,2025-01-31 04:38:52
264,35362.2,2025-05-24 06:53:10
265,1271.56,2025-04-25 17:08:03
266,1217.18,2025-03-31 06:50:42
267,2584.6,2025-05-20 20:01:26
268,67990.57,2025-01-28 06:59:13
269,3061.36,2025-05-05 21:35:07
270,5262.27,2025-04-01 08:05:39
271,3260.22,2025-04-15 15:31:07
272,1961.85,2025-05-14 08:39:08
273,2882.95,2025-01-26 20:37:25
274,2788.42,2025-02-28 06:18:52
275,3237.88,2025-03-17 23:42:58
276,2235.95,2025-01-25 09:51:11
277,3316.8,2025-04-12 09:14:28
278,906.75,2025-01-03 15:36:30
279,472.67,2025-04-12 04:39:19
280,1256.51,2025-04-17 15:02:20
281,3823.26,2025-02-28 23:08:03
282,4002.97,2025-04-05 12:14:35
283,3045.36,2025-03-30 10:08:58
284,2575.32,2025-03-20 04:28:15
285,1596.66,2025-03-19 13:03:50
286,91582.35,2025-01-30 04:08:23
287,3466.17,2025-02-28 02:35:20
288,652.85,2025-04-24 10:32:16
289,887.5,2025-04-25 03:02:59
290,98.97,2025-04-28 08:56:51
291,740.71,2025-04-20 19:41:20
292,2146.71,2025-02-05 18:57:55
293,22089.23,2025-04-01 14:23:24
294,86066.62,2025-03-30 08:37:05
295,2653.73,2025-04-26 18:18:18
296,302.07,2025-02-13 09:54:36
297,1494.87,2025-03-03 22:26:40
298,1433.3,2025-01-10 07:25:47
299,3184.51,2025-05-04 22:04:56
300,15640.29,2025-04-27 11:20:04
301,3550.91,2025-03-21 16:02:13
302,2266.49,2025-05-04 11:28:11
303,2158.59,2025-04-17 09:24:13
304,44638.63,2025-03-14 10:22:55
305,2444.28,2025-05-11 00:20:16
306,2274.03,2025-01-01 18:24:39
307,125.33,2025-03-30 04:37:07
308,26088.24,2025-02-16 02:24:37
309,2132.29,2025-01-02 00:50:40
310,3359.46,2025-05-13 15:07:32
311,4453.4,2025-04-18 13:32:22
312,2607.68,2025-04-06 21:54:22
313,2058.66,2025-01-01 03:30:01
314,4384.37,2025-04-29 02:32:04
315,3262.71,2025-02-18 05:04:40
316,65517.59,2025-05-07 15:41:23
317,1969.2,2025-04-26 00:45:49
318,1279.13,2025-02-05 16:46:22
319,87603.51,2025-02-12 21:15:51
320,3379.35,2025-01-24 00:00:41
321,2089.17,2025-01-23 04:23:15
322,2389.89,2025-02-02 05:22:21
323,1131.62,2025-04-07 16:42:29
324,3199.39,2025-05-12 01:53:44
325,3858.42,2025-03-21 21:05:26
326,1545.0,2025-01-09 16:29:02
327,674.54,2025-01-31 21:26:41
328,2331.94,2025-01-26 08:21:07
329,1086.89,2025-03-06 04:32:18
330,2808.67,2025-03-15 13:27:31
331,843.71,2025-03-15 11:57:16
332,1068.03,2025-04-22 18:32:01
333,1936.22,2025-03-29 14:44:20
334,3874.95,2025-04-12 04:46:48
335,3077.59,2025-03-13 22:13:57
336,3238.76,2025-04-08 19:33:22
337,3420.2,2025-01-27 22:55:23
338,46975.53,2025-02-14 18:16:54
339,924.64,2025-04-11 10:07:46
340,1918.69,2025-02-15 14:16:28
341,610.85,2025-03-31 03:24:35
342,95675.68,2025-05-27 21:14:31
343,2173.94,2025-03-21 18:40:44
344,13600.48,2025-01-30 10:18:18
345,1363.28,2025-05-03 20:55:57
346,640.16,2025-05-28 08:21:43
347,10255.99,2025-01-13 02:50:18
348,92222.26,2025-04-06 09:02:00
349,304.91,2025-05-18 19:22:07
350,78590.25,2025-04-20 11:41:10
351,2026.39,2025-02-17 01:53:56
352,4877.23,2025-05-13 19:54:50
353,1145.22,2025-05-20 09:11:02
354,366.71,2025-03-31 00:38:48
355,1201.62,2025-01-16 19:04:09
356,49660.65,2025-03-11 21:27:43
357,870.73,2025-05-31 12:08:26
358,3107.9,2025-05-31 18:10:25
359,4497.23,2025-03-23 12:52:44
360,1208.66,2025-05-09 15:00:10
361,1825.69,2025-02-20 11:24:39
362,627.96,2025-04-26 05:46:00
363,2642.51,2025-05-18 21:38:28
364,53909.85,2025-05-01 05:42:09
365,70521.36,2025-02-12 19:27:51
366,38711.61,2025-02-05 02:31:59
367,1804.01,2025-02-16 22:23:31
368,3027.21,2025-03-19 23:36:09
369,75408.3,2025-04-15 06:32:37
370,50713.98,2025-01-30 01:33:11
371,3004.34,2025-05-09 03:48:26
372,399.91,2025-03-03 01:58:53
373,1864.17,2025-01-13 22:38:50
374,4150.98,2025-03-24 10:51:59
375,386.54,2025-02-06 14:19:55
376,1364.71,2025-05-12 23:04:18
377,1308.6,2025-03-08 04:45:09
378,2459.42,2025-04-19 18:15:43
379,2279.51,2025-04-01 21:58:28
380,3489.65,2025-02-21 04:39:41
381,93854.24,2025-01-13 19:31:11
382,3791.76,2025-01-06 17:17:51
383,24118.76,2025-01-29 21:13:36
384,2948.07,2025-02-09 04:10:09
385,4395.56,2025-04-30 14:56:07
386,3028.34,2025-03-19 12:58:19
387,1484.75,2025-02-20 00:20:35
388,1778.31,2025-03-01 04:58:21
389,966.12,2025-05-15 18:24:27
390,42891.41,2025-04-08 16:32:13
391,28133.54,2025-04-02 00:05:30
392,3053.65,2025-04-21 15:19:34
393,39889.83,2025-03-01 03:57:55
394,1369.18,2025-01-29 19:47:09
395,3376.16,2025-01-11 17:59:29
396,2667.57,2025-02-24 07:01:55
397,2926.38,2025-03-26 03:54:47
398,1329.47,2025-04-02 22:10:19
399,3176.26,2025-03-05 07:59:00
400,1788.37,2025-05-03 12:07:38
401,1419.31,2025-03-09 11:56:30
402,1949.92,2025-04-19 01:14:02
403,1260.82,2025-05-20 01:49:58
404,2277.8,2025-05-19 22:00:07
405,285.15,2025-01-09 23:18:03
406,4179.04,2025-01-12 12:50:05
407,695.19,2025-04-24 04:10:49
408,454.72,2025-02-01 23:48:20
409,1071.41,2025-03-25 00:44:46
410,681.6,2025-03-10 22:34:40
411,4413.92,2025-02-12 14:32:32
412,3237.62,2025-01-05 12:18:37
413,1157.98,2025-02-02 01:24:34
414,4620.67,2025-04-19 00:38:06
415,815.75,2025-01-26 17:56:16
416,1354.82,2025-05-13 02:35:58
417,3433.0,2025-03-26 01:50:01
418,2108.11,2025-05-13 02:10:37
419,1623.4,2025-04-12 19:25:01
420,495.19,2025-02-26 02:52:07
421,1759.65,2025-02-14 06:07:11
422,1645.76,2025-01-13 03:07:01
423,2345.78,2025-04-12 04:05:37
424,1346.69,2025-01-14 11:53:28
425,99774.15,2025-04-23 14:06:48
426,1727.05,2025-01-20 12:01:02
427,3225.68,2025-05-18 19:32:21
428,4838.89,2025-01-14 23:07:55
429,3028.31,2025-02-09 09:32:11
430,119.74,2025-05-25 10:10:24
431,2937.81,2025-04-28 10:30:46
432,1414.65,2025-01-03 19:43:00
433,2407.69,2025-04-14 11:35:28
434,625.77,2025-01-26 05:56:18
435,398.52,2025-02-24 14:12:20
436,4421.08,2025-03-08 21:18:38
437,4529.04,2025-01-03 01:42:53
438,1141.44,2025-03-12 09:48:43
439,773.07,2025-01-11 17:20:44
440,18575.66,2025-04-12 20:24:58
441,3625.25,2025-01-21 19:31:59
442,289.43,2025-03-01 02:12:27
443,578.82,2025-05-04 07:10:34
444,18733.75,2025-03-04 11:27:54
445,1554.48,2025-05-22 18:52:24
446,68814.49,2025-03-24 14:55:04
447,145.43,2025-05-10 05:37:21
448,2506.28,2025-01-12 07:01:00
449,98713.14,2025-03-18 03:50:19
450,4716.81,2025-03-07 01:48:53
451,1556.42,2025-05-08 07:09:27
452,1535.66,2025-02-07 20:15:17
453,2566.64,2025-02-28 10:13:13
454,750.14,2025-03-01 13:06:12
455,893.9,2025-03-28 16:30:31
456,3410.73,2025-05-22 13:04:41
457,393.72,2025-05-17 05:11:24
458,94.96,2025-05-30 18:07:56
459,1693.67,2025-01-25 03:55:34
460,2554.58,2025-02-25 12:58:59
461,51392.87,2025-01-26 16:03:45
462,14656.5,2025-03-15 08:20:38
463,300.73,2025-01-11 08:58:21
464,3870.66,2025-01-31 15:02:18
465,2591.27,2025-02-18 06:10:31
466,1927.76,2025-03-05 20:42:50
467,911.63,2025-04-16 20:22:44
468,1160.54,2025-03-13 05:42:41
469,1642.75,2025-03-16 11:20:07
470,1812.92,2025-04-16 00:18:40
471,4363.17,2025-02-01 17:44:55
472,58681.53,2025-05-13 11:54:42
473,2093.01,2025-04-27 11:40:11
474,97981.73,2025-05-03 10:57:12
475,3286.63,2025-05-06 12:47:40
476,5630.48,2025-04-18 12:16:19
477,44945.69,2025-01-27 11:23:57
478,1159.57,2025-02-11 11:51:13
479,3177.77,2025-04-20 04:03:40
480,2139.75,2025-01-09 06:13:04
481,3612.62,2025-03-13 10:36:15
482,908.28,2025-01-12 10:49:09
483,87231.18,2025-03-03 06:20:28
484,4647.21,2025-04-22 20:13:14
485,1852.68,2025-03-11 17:47:53
486,1717.73,2025-01-08 23:39:35
487,1419.16,2025-05-21 00:00:35
488,3013.46,2025-04-22 20:01:17
489,1034.57,2025-05-01 00:13:02
490,1769.12,2025-01-27 07:40:41
491,1438.66,2025-04-12 22:33:28
492,947.96,2025-04-29 09:27:45
493,1854.08,2025-03-11 17:05:15
494,372.21,2025-01-29 10:10:58
495,61978.97,2025-04-01 00:33:16
496,2290.6,2025-04-03 14:12:14
497,4897.64,2025-02-19 03:31:19
498,1602.79,2025-04-25 14:24:07
499,2362.24,2025-05-30 16:49:04
500,3081.65,2025-04-10 11:18:04
501,2334.75,2025-01-16 07:38:00
502,89435.59,2025-01-27 15:03:46
503,195.88,2025-02-01 17:27:41
504,2655.5,2025-04-26 23:41:33
505,2939.95,2025-04-14 22:05:53
506,2916.87,2025-05-27 23:39:59
507,4022.95,2025-04-06 00:26:55
508,889.85,2025-05-19 16:36:39
509,3563.23,2025-04-20 13:53:00
510,406.14,2025-03-15 09:13:01
511,75.01,2025-01-28 02:18:24
512,33950.03,2025-03-24 02:21:24
513,3327.12,2025-04-12 22:26:34
514,1793.99,2025-03-02 14:28:33
515,1023.66,2025-04-14 09:44:36
516,2696.75,2025-05-29 10:21:04
517,805.24,2025-03-13 11:38:07
518,2400.74,2025-01-24 19:22:08
519,909.08,2025-03-06 18:51:56
520,3678.95,2025-04-30 09:55:36
521,3314.13,2025-03-09 17:31:44
522,231.49,2025-02-28 11:13:58
523,2266.08,2025-05-06 05:24:25
524,43.26,2025-02-15 18:35:51
525,103.38,2025-01-31 19:38:59
526,11921.37,2025-05-18 10:19:44
527,4303.57,2025-03-24 14:55:21
528,39854.71,2025-05-24 16:06:06
529,2639.63,2025-04-18 00:49:33
530,39056.46,2025-05-17 06:45:42
531,1703.3,2025-05-10 04:42:12
532,3222.45,2025-05-11 00:08:18
533,2678.46,2025-05-05 22:28:33
534,2116.34,2025-02-15 17:19:10
535,3822.71,2025-01-19 23:39:30
536,1657.16,2025-01-17 23:16:21
537,2307.94,2025-04-08 11:00:47
538,48365.3,2025-03-25 19:31:02
539,3990.67,2025-03-23 23:21:18
540,3228.91,2025-02-01 09:57:35
541,4648.42,2025-03-26 16:15:00
542,66035.37,2025-02-22 02:31:29
543,2265.16,2025-05-24 19:40:12
544,134.42,2025-03-17 21:02:33
545,3496.92,2025-02-14 01:23:32
546,14454.2,2025-05-26 08:59:47
547,2358.4,2025-01-07 15:58:39
548,4215.66,2025-01-23 08:26:20
549,4578.23,2025-02-26 09:58:40
550,4361.05,2025-01-11 23:35:12
551,1919.68,2025-04-18 08:15:05
552,2134.79,2025-02-02 01:44:14
553,1818.79,2025-02-12 16:27:00
554,1693.91,2025-05-07 19:31:04
555,90396.51,2025-03-26 16:53:23
556,53027.57,2025-03-19 04:53:50
557,3819.5,2025-02-18 06:33:03
558,655.75,2025-05-21 15:03:25
559,2724.0,2025-05-01 16:58:13
560,754.2,2025-03-02 21:01:27
561,1687.91,2025-01-21 19:11:40
562,2062.97,2025-05-24 18:25:41
563,47132.98,2025-01-21 07:37:18
564,3660.87,2025-04-30 09:21:56
565,103.74,2025-04-17 09:30:11
566,81554.38,2025-04-04 18:07:22
567,49305.59,2025-05-25 05:35:31
568,1569.21,2025-01-13 12:42:11
569,2378.65,2025-01-28 14:43:41
570,3493.38,2025-03-26 15:04:57
571,3262.12,2025-04-29 21:50:48
572,1970.12,2025-04-15 05:05:07
573,2143.85,2025-01-14 12:35:31
574,2594.41,2025-02-16 14:36:20
575,1396.51,2025-05-21 05:00:59
576,4963.41,2025-04-02 04:35:22
577,1448.92,2025-04-28 14:46:48
578,9481.13,2025-03-17 07:16:56
579,2761.71,2025-04-23 16:17:57
580,424.66,2025-02-13 03:23:24
581,182.83,2025-01-08 18:57:21
582,587.9,2025-04-10 04:10:24
583,2417.89,2025-03-11 15:38:32
584,4477.58,2025-01-22 17:08:16
585,87960.12,2025-04-09 23:34:09
586,2064.45,2025-04-30 13:51:01
587,39802.97,2025-05-10 00:51:51
588,2472.16,2025-03-12 14:57:47
589,1615.98,2025-02-07 16:41:40
590,1966.37,2025-05-24 02:16:11
591,1571.91,2025-03-26 10:06:39
592,1361.94,2025-03-22 20:09:49
593,599.42,2025-02-23 00:07:51
594,44.85,2025-04-02 12:23:46
595,945.85,2025-01-10 00:59:14
596,1753.58,2025-03-16 16:16:53
597,71966.46,2025-03-28 17:21:04
598,2072.91,2025-04-22 04:19:14
599,50505.4,2025-04-10 16:08:47
600,3436.58,2025-05-20 21:23:33
601,3459.38,2025-01-03 10:19:47
602,3381.2,2025-03-04 12:35:17
603,53388.06,2025-03-19 22:31:58
604,514.8,2025-01-05 07:01:16
605,58227.29,2025-05-31 23:23:10
606,3029.58,2025-05-29 21:12:34
607,1284.75,2025-02-25 21:48:40
608,2524.99,2025-05-07 03:35:18
609,3412.74,2025-04-06 18:24:42
610,1029.2,2025-01-22 16:20:45
611,143.09,2025-03-02 21:05:43
612,3443.0,2025-01-01 03:12:39
613,4595.3,2025-05-12 12:09:36
614,141.18,2025-01-16 12:50:01
615,1306.1,2025-01-05 02:56:56
616,2487.44,2025-05-21 20:58:27
617,4258.58,2025-01-06 00:21:07
618,204.11,2025-05-05 22:57:42
619,3501.23,2025-01-01 22:27:01
620,4519.8,2025-02-24 11:37:11
621,2234.72,2025-02-28 13:35:27
622,28960.24,2025-05-15 23:26:31
623,448.0,2025-04-22 04:47:20
624,988.72,2025-01-26 01:49:01
625,548.44,2025-03-28 02:05:33
626,2350.59,2025-01-19 13:27:12
627,3060.76,2025-02-25 00:41:33
628,60147.33,2025-05-07 12:48:04
629,19843.47,2025-05-12 00:41:31
630,1533.99,2025-05-25 22:13:38
631,9160.29,2025-05-06 20:58:46
632,3520.19,2025-02-05 09:39:12
633,3073.36,2025-05-09 06:15:24
634,1960.49,2025-03-21 10:01:18
635,2931.35,2025-02-21 09:16:33
636,3131.05,2025-05-27 00:16:38
637,84481.59,2025-03-18 19:07:46
638,2968.49,2025-02-06 13:19:50
639,3779.4,2025-02-12 02:27:24
640,2321.74,2025-03-26 14:21:52
641,2229.67,2025-05-14 10:47:07
642,26610.76,2025-01-06 19:32:03
643,2378.99,2025-04-23 18:59:01
644,1399.56,2025-02-02 17:17:04
645,2534.41,2025-02-05 03:42:20
646,2580.23,2025-03-26 01:43:39
647,20435.48,2025-02-02 11:57:38
648,4182.84,2025-03-03 10:25:15
649,4220.43,2025-02-26 19:00:56
650,3900.64,2025-03-08 01:00:32
651,870.31,2025-03-31 13:49:30
652,8895.99,2025-04-07 18:45:25
653,78404.88,2025-04-27 05:07:22
654,42991.88,2025-02-22 22:01:21
655,2148.13,2025-04-13 18:25:20
656,3358.37,2025-01-28 22:31:26
657,3457.97,2025-03-15 06:44:46
658,1075.01,2025-02-01 09:55:47
659,13541.7,2025-02-04 09:36:31
660,4216.51,2025-04-26 21:15:32
661,251.48,2025-01-08 09:11:04
662,837.44,2025-01-15 07:51:54
663,990.09,2025-03-21 07:22:12
664,2074.63,2025-04-22 16:34:33
665,1518.99,2025-04-11 10:25:38
666,15757.1,2025-02-07 10:12:15
667,2464.98,2025-03-11 04:23:42
668,1023.03,2025-04-28 15:57:55
669,3932.37,2025-03-23 23:30:38
670,847.66,2025-04-02 11:54:31
671,4021.88,2025-05-31 15:48:41
672,4637.15,2025-02-19 21:34:08
673,2291.74,2025-02-03 04:32:13
674,92129.03,2025-03-03 05:39:17
675,27261.93,2025-01-02 23:42:20
676,492.48,2025-01-05 18:05:00
677,1009.17,2025-02-22 14:21:34
678,4974.17,2025-04-12 16:36:14
679,3905.32,2025-02-07 12:11:40
680,2186.31,2025-05-02 21:55:05
681,1316.77,2025-03-04 03:41:01
682,3558.47,2025-05-24 15:40:34
683,243.72,2025-03-14 04:47:58
684,4047.77,2025-03-30 23:56:43
685,662.1,2025-05-09 18:58:47
686,1725.53,2025-03-21 01:50:34
687,4653.67,2025-03-06 09:07:16
688,1277.36,2025-01-10 18:59:10
689,1181.11,2025-04-18 13:15:46
690,1149.05,2025-02-28 05:52:43
691,4305.3,2025-04-16 23:50:09
692,2434.03,2025-01-14 13:06:09
693,66726.03,2025-01-18 00:41:42
694,3071.24,2025-04-09 03:06:47
695,1481.51,2025-04-01 00:05:36
696,2694.23,2025-02-03 14:35:09
697,2145.34,2025-05-19 11:18:35
698,1596.78,2025-04-05 06:13:12
699,1445.33,2025-05-26 16:08:23
700,15568.7,2025-01-03 06:12:31
701,1090.11,2025-01-27 23:54:22
702,48020.23,2025-05-02 04:34:54
703,181.39,2025-05-13 12:36:29
704,477.94,2025-04-30 19:52:46
705,76.29,2025-02-13 17:07:54
706,2161.02,2025-04-28 20:34:39
707,2192.27,2025-03-04 09:38:03
708,1773.11,2025-03-10 16:23:46
709,345.42,2025-05-19 06:26:20
710,67369.52,2025-01-29 07:56:04
711,38436.94,2025-03-06 21:12:59
712,1314.97,2025-03-24 18:38:36
713,705.11,2025-01-13 02:20:34
714,2428.99,2025-05-08 12:54:01
715,1480.02,2025-01-04 00:55:12
716,2046.98,2025-04-24 01:04:55
717,1302.27,2025-05-22 05:29:00
718,84969.94,2025-03-15 09:49:33
719,59870.7,2025-05-06 12:52:15
720,1188.02,2025-05-14 00:37:00
721,60169.03,2025-03-08 05:37:04
722,1345.9,2025-01-25 17:50:31
723,2109.94,2025-04-13 02:23:12
724,10407.46,2025-05-09 20:12:25
725,499.48,2025-01-17 12:02:25
726,3133.07,2025-04-09 14:17:02
727,43407.77,2025-03-31 12:39:01
728,3644.44,2025-03-08 15:16:09
729,34096.31,2025-01-10 07:29:20
730,3004.95,2025-05-23 09:33:15
731,3276.12,2025-03-11 20:12:10
732,1913.49,2025-01-22 21:07:26
733,29894.52,2025-02-01 23:31:08
734,81490.68,2025-05-08 12:53:06
735,510.71,2025-04-19 04:29:42
736,3586.99,2025-05-27 15:53:16
737,49632.13,2025-03-16 21:34:30
738,653.59,2025-03-10 05:41:13
739,41407.11,2025-01-08 15:19:58
740,6097.63,2025-02-07 19:54:19
741,2807.66,2025-04-04 18:47:56
742,2409.72,2025-05-10 03:56:41
743,794.06,2025-04-03 06:19:42
744,1171.79,2025-04-30 19:54:19
745,160.96,2025-03-12 12:32:24
746,3452.75,2025-05-09 19:25:28
747,4290.15,2025-05-03 09:58:01
748,2035.15,2025-02-11 12:11:50
749,3027.57,2025-01-23 00:37:31
750,2342.65,2025-04-28 17:21:04
751,48.44,2025-01-01 10:24:38
752,2759.34,2025-05-19 11:43:44
753,506.99,2025-04-04 20:29:35
754,2671.09,2025-04-25 03:43:57
755,1171.06,2025-05-14 05:53:45
756,1541.36,2025-02-12 19:52:25
757,2381.97,2025-03-14 04:58:34
758,89456.77,2025-03-21 22:10:07
759,4294.16,2025-04-28 04:59:01
760,1192.24,2025-05-20 15:00:56
761,3159.1,2025-01-14 19:35:40
762,1764.42,2025-01-24 17:56:30
763,3403.86,2025-03-14 01:37:43
764,929.22,2025-04-15 17:02:00
765,2683.09,2025-02-01 04:46:02
766,1777.92,2025-01-09 00:26:40
767,747.83,2025-03-10 10:49:58
768,2614.83,2025-01-14 02:38:00
769,1398.79,2025-04-29 00:03:20
770,1613.91,2025-02-28 21:13:45
771,3261.89,2025-04-28 06:40:31
772,1036.76,2025-01-08 12:25:29
773,56814.17,2025-02-14 12:08:27
774,4220.78,2025-04-10 09:41:11
775,3393.45,2025-03-30 00:24:42
776,1855.26,2025-01-29 04:18:15
777,1981.91,2025-05-18 13:50:45
778,2995.16,2025-05-28 08:23:12
779,1004.54,2025-03-01 06:24:23
780,981.83,2025-05-17 10:56:39
781,32220.84,2025-03-25 06:38:33
782,252.23,2025-04-15 17:13:20
783,649.86,2025-04-07 06:28:12
784,4534.63,2025-04-30 06:03:27
785,301.71,2025-03-14 17:22:09
786,545.52,2025-02-10 03:42:10
787,3007.31,2025-05-11 15:09:41
788,2128.99,2025-02-11 16:51:10
789,4391.43,2025-04-16 22:24:37
790,83528.61,2025-03-31 17:39:15
791,99261.59,2025-03-27 07:37:24
792,2573.27,2025-02-15 04:39:31
793,86092.13,2025-01-20 05:05:37
794,4097.22,2025-02-20 08:11:48
795,1077.09,2025-04-03 11:39:22
796,4706.04,2025-03-07 18:17:25
797,963.04,2025-01-25 02:23:25
798,3647.54,2025-03-13 05:23:12
799,4330.08,2025-04-19 16:43:29
800,2404.46,2025-03-25 18:44:13
801,3248.38,2025-04-24 10:31:25
802,4489.38,2025-01-16 22:35:42
803,4113.95,2025-05-07 19:26:16
804,2403.81,2025-03-05 13:02:27
805,4058.69,2025-01-17 23:03:16
806,4540.31,2025-01-17 21:09:14
807,88568.02,2025-01-28 08:22:55
808,36331.41,2025-03-27 03:14:50
809,3422.58,2025-01-07 02:30:57
810,472.32,2025-05-22 12:42:46
811,4150.36,2025-01-31 21:43:52
812,2074.1,2025-04-13 02:02:06
813,777.94,2025-04-17 12:22:35
814,99478.41,2025-01-17 16:42:31
815,93847.09,2025-01-07 01:57:04
816,79965.42,2025-02-27 23:12:01
817,38634.12,2025-01-20 01:25:02
818,3327.38,2025-01-20 23:22:42
819,1787.82,2025-05-16 22:15:52
820,53.81,2025-01-06 11:41:48
821,4635.41,2025-01-22 21:53:11
822,2625.13,2025-05-24 04:57:57
823,2248.45,2025-04-18 03:53:46
824,2850.01,2025-02-17 22:58:13
825,2007.41,2025-03-20 05:27:28
826,28.93,2025-05-24 12:36:22
827,2961.78,2025-02-09 02:53:36
828,2942.26,2025-02-14 07:13:52
829,82526.38,2025-02-23 10:17:13
830,2981.77,2025-01-01 09:30:55
831,64804.94,2025-01-13 09:06:49
832,1376.17,2025-03-06 10:43:54
833,3379.69,2025-01-24 10:58:04
834,4722.37,2025-02-16 10:17:19
835,802.6,2025-03-09 09:39:27
836,2893.39,2025-03-15 14:48:06
837,4933.63,2025-03-28 22:10:00
838,718.88,2025-04-12 22:37:10
839,278.58,2025-01-03 15:09:44
840,64240.51,2025-05-27 12:24:50
841,2932.45,2025-03-11 10:41:09
842,2144.99,2025-05-04 21:07:22
843,360.13,2025-03-03 03:26:50
844,3306.44,2025-01-01 18:37:28
845,25918.14,2025-04-10 00:06:52
846,3757.08,2025-04-25 05:01:01
847,1431.52,2025-02-14 05:56:51
848,50.56,2025-05-28 17:26:17
849,2854.25,2025-04-12 21:25:32
850,2146.02,2025-04-04 03:06:36
851,70118.13,2025-01-14 17:13:52
852,2826.15,2025-02-01 05:49:32
853,1254.62,2025-03-10 20:51:27
854,48070.83,2025-05-12 02:51:54
855,1239.84,2025-05-27 08:20:54
856,3888.95,2025-01-07 11:47:00
857,58654.83,2025-02-05 10:08:33
858,86476.09,2025-01-28 07:58:18
859,1912.17,2025-01-11 06:05:18
860,76.69,2025-02-27 02:03:11
861,4860.94,2025-02-16 18:21:13
862,762.26,2025-01-02 08:56:55
863,2626.38,2025-03-30 00:00:09
864,3052.2,2025-04-24 14:48:21
865,4724.32,2025-02-09 19:31:20
866,2707.6,2025-04-06 11:14:07
867,3306.0,2025-05-03 14:54:57
868,33636.87,2025-01-22 00:08:01
869,10272.8,2025-04-27 00:45:17
870,1624.7,2025-02-22 19:18:13
871,2031.74,2025-04-17 16:30:58
872,3036.97,2025-01-18 00:53:21
873,1305.36,2025-01-25 03:39:52
874,3014.3,2025-04-17 09:30:17
875,997.19,2025-04-28 03:53:17
876,1713.33,2025-04-07 04:55:01
877,547.66,2025-03-22 11:15:15
878,1696.12,2025-02-06 04:11:17
879,2306.03,2025-03-23 13:55:49
880,277.33,2025-05-24 13:44:10
881,2124.89,2025-03-27 18:39:55
882,417.13,2025-03-07 21:37:24
883,35792.28,2025-01-30 17:05:09
884,1457.69,2025-03-06 17:56:38
885,95049.89,2025-01-21 11:56:40
886,264.91,2025-03-20 18:14:50
887,10242.15,2025-05-01 22:39:35
888,36290.99,2025-02-01 20:30:08
889,2138.02,2025-02-23 11:44:55
890,3388.13,2025-04-26 16:51:21
891,3897.51,2025-04-27 23:05:41
892,1068.72,2025-05-21 03:58:18
893,1166.69,2025-05-17 04:11:10
894,2371.86,2025-04-29 18:54:11
895,1934.24,2025-04-01 23:52:20
896,1879.73,2025-01-26 14:05:58
897,1631.59,2025-03-29 16:48:21
898,4157.64,2025-05-29 04:39:02
899,65404.62,2025-05-12 19:21:54
900,19450.94,2025-03-20 14:16:41
901,72084.6,2025-04-27 16:29:03
902,768.52,2025-04-24 02:32:07
903,72105.07,2025-03-22 10:53:06
904,52303.53,2025-03-30 18:15:54
905,3381.35,2025-03-22 03:57:18
906,1721.51,2025-01-16 14:01:12
907,3925.89,2025-02-27 03:12:58
908,1270.54,2025-01-04 06:47:50
909,1633.32,2025-03-08 05:56:19
910,5130.85,2025-04-23 23:12:35
911,564.44,2025-05-28 22:55:15
912,1418.28,2025-01-22 13:06:13
913,807.63,2025-03-13 15:56:25
914,4082.08,2025-02-11 17:05:21
915,2024.1,2025-03-18 00:46:56
916,2820.32,2025-02-27 19:30:15
917,1819.0,2025-02-07 10:18:45
918,4358.82,2025-01-29 02:10:01
919,2910.29,2025-04-29 01:32:20
920,46.56,2025-03-15 06:25:13
921,3769.37,2025-03-11 07:59:55
922,4277.88,2025-01-24 10:39:22
923,3035.59,2025-05-25 17:08:37
924,1279.26,2025-04-16 19:14:12
925,2834.02,2025-05-14 21:47:46
926,4339.26,2025-04-20 07:18:54
927,4404.61,2025-05-30 19:25:55
928,3730.57,2025-05-13 18:29:16
929,1102.65,2025-05-17 08:44:12
930,2640.09,2025-02-12 06:33:18
931,1284.58,2025-03-28 00:00:17
932,4874.7,2025-03-05 00:51:44
933,2440.18,2025-01-17 23:18:55
934,97.03,2025-01-18 11:58:41
935,555.18,2025-03-14 14:10:05
936,3252.16,2025-04-06 10:09:15
937,96274.46,2025-03-29 06:44:50
938,1264.7,2025-01-10 14:58:36
939,218.79,2025-04-19 03:29:21
940,3238.83,2025-01-05 10:52:44
941,2862.85,2025-01-10 14:17:09
942,2562.74,2025-03-16 13:26:44
943,2911.02,2025-04-30 07:34:35
944,3488.24,2025-04-21 21:49:06
945,3572.58,2025-03-17 19:38:48
946,13142.2,2025-05-05 04:30:18
947,3182.63,2025-04-23 03:50:13
948,289.5,2025-02-06 02:51:43
949,3600.64,2025-03-09 13:28:05
950,3059.2,2025-05-23 23:25:39
951,3228.66,2025-04-28 08:10:43
952,1919.46,2025-03-28 04:23:03
953,142.2,2025-02-19 10:57:01
954,49554.66,2025-02-28 07:54:58
955,73358.79,2025-02-24 07:01:14
956,1231.42,2025-05-12 23:15:08
957,2320.4,2025-03-13 06:06:49
958,1936.96,2025-01-11 14:16:57
959,3407.95,2025-05-08 19:23:58
960,17287.92,2025-02-25 17:42:35
961,17415.76,2025-05-30 19:14:49
962,1796.67,2025-04-23 23:00:25
963,4844.2,2025-05-07 13:18:05
964,2486.53,2025-05-10 05:41:06
965,1546.83,2025-04-27 23:50:21
966,2799.54,2025-04-03 15:48:40
967,2541.02,2025-02-26 08:47:39
968,2105.09,2025-03-10 14:01:37
969,48167.8,2025-02-07 13:14:20
970,748.11,2025-02-24 07:52:39
971,2661.48,2025-04-09 20:20:49
972,2415.81,2025-05-17 22:39:38
973,2691.89,2025-04-08 14:38:26
974,28767.81,2025-03-02 10:34:24
975,3081.37,2025-04-04 08:24:28
976,4158.49,2025-03-24 16:07:40
977,3012.12,2025-05-20 03:45:34
978,75997.21,2025-01-28 17:58:07
979,2675.05,2025-03-31 00:36:06
980,215.47,2025-01-08 07:14:34
981,29654.35,2025-02-02 11:15:32
982,195.39,2025-05-12 14:14:22
983,2582.34,2025-02-18 15:34:10
984,1465.95,2025-03-29 14:49:04
985,4846.32,2025-03-11 17:57:20
986,94198.71,2025-02-01 10:32:28
987,3236.33,2025-05-19 08:20:40
988,4321.74,2025-05-12 17:56:56
989,2751.96,2025-02-26 01:24:38
990,2771.35,2025-03-09 14:21:00
991,42756.14,2025-01-18 15:47:44
992,20.24,2025-02-21 08:27:33
993,1523.99,2025-03-21 13:06:53
994,2844.61,2025-05-01 07:21:54
995,1081.58,2025-02-25 09:02:31
996,1439.69,2025-03-03 22:52:01
997,1640.9,2025-03-02 09:58:18
998,1717.36,2025-05-17 08:52:01
999,209.2,2025-01-26 11:05:52
1000,4584.94,2025-05-12 09:37:09
1001,4320.96,2025-02-09 23:39:14
1002,4251.46,2025-05-14 06:43:13
1003,283.59,2025-01-14 04:09:04
1004,1292.16,2025-03-05 09:59:53
1005,1276.25,2025-03-08 01:48:55
1006,2647.67,2025-02-26 16:33:04
1007,4118.65,2025-04-17 07:03:08
1008,2554.69,2025-01-09 19:06:00
1009,31074.14,2025-05-25 00:20:37
1010,585.36,2025-02-10 09:26:44
1011,1716.94,2025-03-08 21:15:41
1012,1319.26,2025-01-02 15:52:17
1013,33373.85,2025-04-14 00:47:22
1014,4353.93,2025-03-15 15:14:25
1015,1528.09,2025-02-05 12:36:08
1016,2693.94,2025-03-27 03:00:38
1017,1964.2,2025-01-07 10:37:26
1018,3518.11,2025-03-06 09:12:15
1019,908.09,2025-03-12 06:21:21
1020,4777.78,2025-04-19 08:55:23
1021,3229.48,2025-05-07 19:38:05
1022,692.43,2025-01-09 07:51:58
1023,3414.69,2025-02-26 23:52:24
1024,3936.1,2025-02-28 01:19:49
1025,1673.12,2025-01-04 13:37:22
1026,1835.73,2025-05-01 15:04:30
1027,1658.52,2025-02-13 05:23:46
1028,3041.23,2025-02-22 21:57:25
1029,3340.31,2025-05-25 21:25:14
1030,3365.43,2025-04-15 19:12:47
1031,4561.38,2025-03-18 10:22:58
1032,1589.88,2025-01-13 01:35:28
1033,41991.05,2025-01-19 04:55:49
1034,4399.05,2025-04-17 09:05:04
1035,20.34,2025-03-10 06:07:20
1036,3161.4,2025-05-21 18:18:29
1037,3343.07,2025-04-22 14:23:24
1038,2898.55,2025-01-14 14:23:20
1039,1615.03,2025-02-28 02:57:36
1040,4442.24,2025-01-22 10:18:47
1041,3289.38,2025-04-07 20:58:12
1042,3301.07,2025-01-29 18:44:24
1043,39280.09,2025-02-11 21:17:17
1044,12012.93,2025-05-28 06:51:05
1045,662.38,2025-04-21 19:04:27
1046,495.22,2025-05-05 23:28:52
1047,2454.81,2025-02-25 11:36:49
1048,3124.04,2025-01-26 21:38:30
1049,46333.98,2025-02-10 03:15:00
1050,4174.04,2025-04-23 02:41:22
1051,2701.24,2025-01-12 02:39:10
1052,18058.93,2025-02-23 08:42:16
1053,567.77,2025-02-11 16:04:27
1054,1264.13,2025-04-21 02:08:35
1055,2995.53,2025-05-13 01:18:12
1056,3008.67,2025-01-30 05:23:23
1057,2948.44,2025-03-25 20:42:08
1058,3034.61,2025-04-08 19:05:16
1059,167.36,2025-01-12 03:22:11
1060,3209.83,2025-03-03 02:39:19
1061,4137.58,2025-05-08 08:57:02
1062,2605.2,2025-02-25 14:40:32
1063,4334.5,2025-02-02 23:56:53
1064,3438.9,2025-01-10 07:15:02
1065,3956.18,2025-01-04 08:22:57
1066,2934.95,2025-05-25 21:02:26
1067,1623.85,2025-02-05 01:44:36
1068,364.85,2025-05-01 10:03:28
1069,11270.91,2025-03-19 21:34:05
1070,3378.95,2025-01-29 15:35:49
1071,76697.57,2025-05-20 17:31:41
1072,3433.39,2025-01-11 11:12:18
1073,267.85,2025-03-15 10:09:39
1074,24602.59,2025-05-06 11:39:31
1075,58751.5,2025-02-23 03:28:37
1076,318.3,2025-05-19 21:58:02
1077,4098.82,2025-01-06 03:59:40
1078,4786.69,2025-01-20 05:13:43
1079,320.22,2025-04-01 06:50:56
1080,837.99,2025-04-11 12:25:50
1081,558.42,2025-05-16 07:05:40
1082,475.55,2025-02-23 07:03:11
1083,1646.36,2025-03-21 04:03:31
1084,2021.09,2025-01-15 06:19:17
1085,292.3,2025-01-14 04:56:53
1086,3234.83,2025-03-20 20:55:35
1087,72.29,2025-01-25 16:37:31
1088,20465.25,2025-04-14 08:59:21
1089,527.13,2025-03-22 21:08:31
1090,2507.86,2025-04-19 11:50:57
1091,3203.27,2025-03-05 09:24:35
1092,3974.8,2025-01-23 09:58:50
1093,44965.84,2025-04-28 23:23:38
1094,57311.48,2025-03-03 10:23:28
1095,1616.03,2025-03-07 02:54:23
1096,497.74,2025-03-12 18:43:13
1097,1017.34,2025-01-10 19:34:07
1098,2263.6,2025-01-16 13:25:50
1099,961.5,2025-03-30 18:09:18
1100,74332.08,2025-03-25 16:33:29
1101,278.19,2025-05-10 08:27:19
1102,4955.17,2025-01-16 00:32:00
1103,78216.22,2025-05-22 19:53:02
1104,3928.8,2025-02-01 00:02:39
1105,2510.81,2025-03-13 12:42:57
1106,697.41,2025-02-18 16:50:17
1107,4473.84,2025-01-14 18:49:42
1108,35.87,2025-01-15 15:13:11
1109,2241.75,2025-04-20 03:03:23
1110,2025.48,2025-02-09 19:31:47
1111,33290.85,2025-03-21 16:40:20
1112,2502.37,2025-04-04 22:58:19
1113,3050.34,2025-05-19 08:33:52
1114,64343.43,2025-04-20 16:20:02
1115,2455.69,2025-03-11 03:29:44
1116,70.77,2025-05-29 15:23:21
1117,90388.88,2025-02-27 13:04:02
1118,2587.05,2025-05-11 20:29:09
1119,3096.73,2025-01-05 08:55:46
1120,2514.35,2025-02-09 21:00:56
1121,20.62,2025-03-23 08:40:30
1122,34162.79,2025-04-22 17:41:54
1123,1078.95,2025-04-29 08:11:46
1124,842.57,2025-05-26 12:48:53
1125,60357.56,2025-03-11 07:30:58
1126,3018.8,2025-04-18 02:26:30
1127,3071.34,2025-04-20 15:00:06
1128,1080.09,2025-03-21 13:57:14
1129,1940.86,2025-01-30 23:11:19
1130,1256.22,2025-01-11 03:27:58
1131,4741.03,2025-03-23 15:12:12
1132,3162.93,2025-05-01 15:29:42
1133,3373.97,2025-01-19 11:49:32
1134,532.54,2025-04-12 01:26:18
1135,972.67,2025-03-20 02:38:49
1136,2677.85,2025-02-19 10:37:12
1137,84886.11,2025-03-11 18:54:35
1138,1394.27,2025-04-19 23:47:56
1139,16761.18,2025-05-28 14:36:46
1140,4733.37,2025-05-11 09:19:17
1141,3887.83,2025-05-18 05:47:52
1142,2066.73,2025-04-29 00:42:24
1143,2117.38,2025-05-17 11:56:02
1144,520.83,2025-01-27 19:49:30
1145,891.11,2025-02-26 06:45:05
1146,3447.41,2025-04-30 03:34:17
1147,1091.85,2025-04-22 13:56:41
1148,2434.26,2025-01-08 20:49:17
1149,2469.78,2025-01-08 15:01:45
1150,1395.82,2025-03-10 06:19:50
1151,795.84,2025-01-24 02:47:15
1152,1197.47,2025-01-11 23:51:18
1153,4967.31,2025-03-27 20:27:12
1154,502.81,2025-03-02 15:52:25
1155,2538.97,2025-04-10 07:21:27
1156,2840.32,2025-04-16 18:28:50
1157,1077.14,2025-04-20 22:05:04
1158,1203.75,2025-04-26 12:36:09
1159,1719.1,2025-03-10 00:00:07
1160,4597.26,2025-01-31 18:11:12
1161,83.95,2025-02-20 00:12:47
1162,1238.03,2025-03-11 04:37:35
1163,380.93,2025-01-12 03:36:31
1164,224.48,2025-04-10 20:44:05
1165,2312.56,2025-04-22 16:01:58
1166,32631.23,2025-01-15 16:43:54
1167,320.84,2025-04-26 07:17:20
1168,4649.32,2025-01-17 05:27:58
1169,1802.95,2025-04-11 22:24:37
1170,665.07,2025-05-17 04:38:44
1171,2358.07,2025-02-03 22:04:56
1172,2073.61,2025-04-27 00:23:58
1173,3431.84,2025-02-28 14:10:32
1174,1462.44,2025-05-07 00:51:08
1175,4115.65,2025-04-26 23:40:05
1176,2512.47,2025-02-22 22:30:22
1177,182.25,2025-03-13 10:22:12
1178,55797.94,2025-01-16 09:48:40
1179,1432.05,2025-02-15 16:42:08
1180,1671.59,2025-04-15 16:09:40
1181,2545.11,2025-01-13 06:26:57
1182,52794.52,2025-02-12 14:49:10
1183,1205.3,2025-04-12 04:42:42
1184,1354.42,2025-01-28 12:22:58
1185,1058.01,2025-02-20 14:36:00
1186,59127.19,2025-01-15 08:53:15
1187,1435.93,2025-02-08 14:21:28
1188,3240.84,2025-04-24 18:13:17
1189,3174.54,2025-03-19 17:55:24
1190,3388.01,2025-05-24 21:20:26
1191,1407.09,2025-01-30 08:04:16
1192,2055.58,2025-05-07 03:37:53
1193,4603.75,2025-03-30 15:50:50
1194,2111.12,2025-05-15 19:56:16
1195,639.18,2025-02-01 09:15:44
1196,746.23,2025-03-22 09:45:50
1197,224.91,2025-05-30 21:33:11
1198,914.94,2025-04-11 03:04:26
1199,112.55,2025-04-14 12:40:31
1200,4099.6,2025-03-22 16:47:43
1201,1082.91,2025-02-20 04:55:33
1202,1771.71,2025-04-20 03:06:01
1203,1806.23,2025-05-16 22:20:49
1204,1744.68,2025-04-01 10:52:54
1205,1141.71,2025-04-20 14:58:53
1206,99969.23,2025-03-14 03:03:04
1207,1740.62,2025-02-27 18:17:45
1208,3048.97,2025-05-22 16:16:48
1209,3080.84,2025-05-27 22:25:26
1210,1313.2,2025-04-14 14:45:35
1211,41282.31,2025-01-13 21:29:24
1212,2702.47,2025-05-23 13:47:19
1213,48535.0,2025-04-29 22:00:44
1214,728.69,2025-02-27 08:54:35
1215,546.13,2025-01-22 23:59:22
1216,4731.88,2025-01-02 02:38:52
1217,2529.75,2025-05-03 02:34:07
1218,2383.45,2025-02-09 23:31:18
1219,139.89,2025-01-17 16:15:37
1220,4738.53,2025-03-05 21:55:41
1221,1683.74,2025-01-19 02:31:06
1222,276.83,2025-04-10 01:52:27
1223,5627.78,2025-04-07 21:44:48
1224,3465.83,2025-01-29 01:32:01
1225,808.58,2025-03-19 00:42:46
1226,2786.81,2025-02-03 23:59:10
1227,4345.63,2025-03-02 17:45:01
1228,67785.28,2025-04-22 05:44:07
1229,91858.42,2025-04-30 22:54:44
1230,4464.8,2025-01-12 02:35:47
1231,1277.58,2025-01-07 00:59:34
1232,3284.15,2025-01-23 17:07:25
1233,4066.24,2025-03-12 15:09:13
1234,4081.7,2025-01-22 19:52:36
1235,726.42,2025-02-05 11:59:25
1236,2746.36,2025-03-16 21:44:45
1237,636.68,2025-02-03 10:49:18
1238,52842.71,2025-05-28 18:54:13
1239,1550.75,2025-02-01 14:34:48
1240,963.6,2025-05-11 01:44:15
1241,18492.2,2025-03-06 13:48:57
1242,1406.37,2025-04-25 18:50:55
1243,1395.07,2025-02-25 15:29:50
1244,3731.83,2025-01-21 02:13:56
1245,4652.11,2025-02-14 00:44:32
1246,4825.27,2025-02-27 12:38:23
1247,3742.13,2025-05-17 05:12:12
1248,902.66,2025-02-01 22:03:36
1249,2744.3,2025-01-21 23:55:51
1250,257.48,2025-05-30 22:18:39
1251,2921.88,2025-03-10 05:47:58
1252,4431.6,2025-02-23 14:57:07
1253,4421.43,2025-05-12 07:31:30
1254,2824.75,2025-01-31 17:18:31
1255,2949.57,2025-04-26 05:12:29
1256,3949.43,2025-02-09 03:01:15
1257,1733.88,2025-04-12 23:05:34
1258,44759.83,2025-05-30 00:41:29
1259,2491.88,2025-04-12 12:18:11
1260,1560.23,2025-02-21 21:07:19
1261,3247.38,2025-04-21 11:56:28
1262,3742.39,2025-03-27 15:25:06
1263,581.07,2025-03-05 00:32:19
1264,2511.95,2025-04-07 16:36:00
1265,196.38,2025-04-17 22:22:11
1266,3650.94,2025-01-24 15:22:17
1267,4098.08,2025-05-05 12:39:30
1268,1378.82,2025-05-05 20:15:31
1269,1971.76,2025-05-18 16:49:31
1270,60722.36,2025-01-11 00:37:41
1271,691.19,2025-02-13 00:21:18
1272,1290.35,2025-05-19 23:48:48
1273,2254.27,2025-05-02 03:53:33
1274,3336.93,2025-04-14 07:31:43
1275,79765.98,2025-05-30 15:12:42
1276,63069.5,2025-04-07 01:34:13
1277,2394.5,2025-02-22 12:01:19
1278,1464.56,2025-01-09 07:51:39
1279,43866.77,2025-03-11 09:00:52
1280,2059.2,2025-02-23 18:54:15
1281,991.85,2025-02-26 13:23:28
1282,822.3,2025-05-03 12:53:33
1283,3104.56,2025-04-28 18:54:10
1284,166.36,2025-05-07 12:35:10
1285,28857.65,2025-05-07 21:48:11
1286,2158.97,2025-02-02 08:00:10
1287,2370.08,2025-04-13 16:23:30
1288,3314.64,2025-01-06 13:44:31
1289,1921.94,2025-03-24 18:47:29
1290,47567.2,2025-02-10 03:04:24
1291,31297.63,2025-04-28 11:57:16
1292,2303.05,2025-03-11 08:27:33
1293,2969.25,2025-01-19 04:23:37
1294,2888.34,2025-02-12 00:15:54
1295,929.15,2025-05-29 05:37:25
1296,2068.04,2025-03-10 21:32:55
1297,2959.05,2025-02-10 02:30:02
1298,4869.63,2025-05-15 18:42:56
1299,3656.77,2025-01-17 17:52:19
1300,2377.88,2025-03-28 02:57:23
1301,2032.85,2025-02-17 09:11:37
1302,3292.24,2025-02-24 07:07:11
1303,4047.84,2025-04-18 08:25:10
1304,1922.22,2025-01-25 15:07:10
1305,2225.69,2025-01-01 09:15:06
1306,4462.56,2025-01-19 08:14:25
1307,4017.34,2025-01-10 03:35:46
1308,1804.21,2025-02-08 06:31:16
1309,1034.85,2025-05-08 16:25:36
1310,1723.13,2025-01-05 08:53:44
1311,2909.74,2025-04-10 01:08:44
1312,309.23,2025-01-10 13:03:31
1313,2885.49,2025-01-21 05:58:34
1314,2678.48,2025-05-14 16:34:39
1315,1746.52,2025-02-02 10:47:39
1316,1891.78,2025-04-29 14:05:00
1317,3686.25,2025-04-05 07:31:12
1318,2090.87,2025-03-03 13:27:11
1319,3453.64,2025-03-27 08:24:05
1320,1326.5,2025-05-28 19:28:13
1321,2309.28,2025-01-31 09:17:39
1322,2314.65,2025-01-12 16:13:47
1323,100.02,2025-01-21 17:50:39
1324,3060.76,2025-01-21 16:46:20
1325,2882.66,2025-02-01 09:00:09
1326,159.93,2025-05-11 13:54:40
1327,4521.09,2025-03-05 10:49:41
1328,228.07,2025-05-31 05:30:36
1329,68784.35,2025-03-19 05:22:33
1330,3012.35,2025-03-25 12:37:54
1331,1601.91,2025-03-25 15:47:46
1332,1188.8,2025-02-26 17:59:41
1333,4899.36,2025-03-06 09:25:19
1334,3385.78,2025-03-11 01:49:28
1335,945.98,2025-05-07 03:26:05
1336,624.01,2025-05-03 22:17:40
1337,3493.01,2025-05-12 23:01:46
1338,2856.45,2025-05-06 19:42:11
1339,2499.05,2025-03-19 14:49:17
1340,137.92,2025-03-25 15:56:02
1341,2048.02,2025-02-16 23:49:37
1342,2043.16,2025-01-31 12:31:00
1343,463.68,2025-03-28 11:25:53
1344,505.11,2025-04-12 00:18:44
1345,1558.63,2025-05-24 15:44:23
1346,1975.01,2025-03-18 07:37:50
1347,2272.68,2025-03-20 05:48:44
1348,1802.31,2025-05-11 11:08:57
1349,4032.15,2025-05-28 12:40:21
1350,227.78,2025-03-30 10:36:05
1351,1276.26,2025-03-10 21:29:53
1352,2124.87,2025-03-08 03:10:43
1353,2683.66,2025-03-16 11:21:11
1354,4839.77,2025-03-09 10:37:35
1355,2416.42,2025-04-28 20:44:17
1356,850.35,2025-05-24 07:48:16
1357,9258.55,2025-02-04 15:10:48
1358,3322.78,2025-03-30 07:30:19
1359,3600.83,2025-02-16 07:58:27
1360,42009.57,2025-01-12 15:12:41
1361,46040.49,2025-05-01 19:41:50
1362,67374.1,2025-04-03 01:04:29
1363,4563.67,2025-05-09 06:06:34
1364,42.71,2025-01-02 19:18:27
1365,1121.12,2025-04-16 09:00:20
1366,110.41,2025-05-05 18:06:34
1367,514.69,2025-03-19 23:00:06
1368,4072.91,2025-03-23 15:36:42
1369,1586.31,2025-04-18 07:42:12
1370,2646.15,2025-05-04 02:38:12
1371,496.16,2025-03-27 03:07:31
1372,2605.02,2025-03-26 01:09:31
1373,2733.48,2025-03-02 05:28:15
1374,973.01,2025-05-13 13:23:02
1375,3473.28,2025-05-02 02:52:27
1376,4595.18,2025-01-16 19:40:12
1377,420.6,2025-03-29 18:58:43
1378,3173.14,2025-03-15 15:04:35
1379,4312.83,2025-03-04 08:02:09
1380,1603.19,2025-05-11 05:16:57
1381,10596.56,2025-04-06 08:15:25
1382,1810.05,2025-04-03 12:27:29
1383,2598.62,2025-02-24 16:14:13
1384,2589.77,2025-02-13 10:48:34
1385,317.15,2025-03-21 14:55:29
1386,923.41,2025-05-17 01:49:24
1387,2861.71,2025-05-11 01:51:38
1388,8840.75,2025-05-25 22:25:48
1389,77099.81,2025-02-20 17:43:50
1390,2589.16,2025-05-29 08:41:31
1391,298.13,2025-02-18 09:19:38
1392,4816.6,2025-03-13 01:42:42
1393,874.86,2025-03-10 19:49:06
1394,45044.72,2025-01-19 17:34:32
1395,1303.21,2025-02-14 10:50:18
1396,2510.26,2025-05-01 10:33:10
1397,54.73,2025-01-09 08:06:31
1398,74242.17,2025-01-17 23:54:11
1399,1754.21,2025-01-23 09:44:24
1400,17.45,2025-04-26 16:54:09
1401,4527.48,2025-01-08 11:41:27
1402,41266.8,2025-04-11 10:16:27
1403,4842.28,2025-03-02 21:31:36
1404,909.17,2025-04-19 02:43:30
1405,3131.89,2025-05-25 10:00:33
1406,1211.83,2025-05-22 14:49:59
1407,3324.66,2025-05-26 12:12:29
1408,617.25,2025-05-25 05:14:07
1409,608.24,2025-03-19 04:20:21
1410,1712.31,2025-01-28 17:00:39
1411,1080.45,2025-02-20 12:36:42
1412,1102.38,2025-01-24 11:34:40
1413,59.04,2025-05-13 13:36:20
1414,3114.37,2025-03-07 11:49:50
1415,1536.6,2025-04-05 10:19:07
1416,4090.06,2025-02-18 02:38:10
1417,73626.97,2025-05-01 11:37:23
1418,3241.7,2025-04-19 20:18:34
1419,3331.62,2025-02-17 00:15:38
1420,3302.7,2025-05-24 20:38:22
1421,2002.81,2025-05-16 18:22:49
1422,1906.68,2025-03-02 23:59:54
1423,4029.59,2025-01-08 12:11:13
1424,718.91,2025-05-10 09:40:05
1425,1415.26,2025-02-19 04:27:46
1426,2040.13,2025-02-06 08:43:08
1427,7182.44,2025-03-17 14:26:42
1428,1312.44,2025-05-13 14:29:28
1429,2548.38,2025-01-03 03:33:19
1430,88308.56,2025-03-07 13:11:19
1431,4961.24,2025-03-10 00:15:01
1432,4014.39,2025-04-24 13:32:44
1433,899.08,2025-05-24 13:42:30
1434,1140.64,2025-01-08 00:16:06
1435,83231.49,2025-05-19 19:24:55
1436,2079.19,2025-04-18 07:54:34
1437,3081.58,2025-04-30 15:54:54
1438,3717.05,2025-04-25 14:46:28
1439,689.11,2025-02-08 07:44:31
1440,35569.33,2025-01-23 06:41:24
1441,34807.99,2025-01-14 23:51:33
1442,3396.54,2025-05-16 22:19:26
1443,1471.79,2025-01-26 16:21:05
1444,2936.42,2025-05-28 18:43:39
1445,93.97,2025-05-16 01:54:47
1446,352.49,2025-05-14 10:20:00
1447,1860.63,2025-03-20 04:52:21
1448,827.03,2025-05-23 03:30:21
1449,1563.78,2025-01-09 10:30:34
1450,4424.23,2025-01-22 18:01:26
1451,2248.95,2025-04-20 14:34:32
1452,266.59,2025-03-03 11:31:10
1453,99867.7,2025-03-03 16:12:14
1454,3250.63,2025-01-07 06:23:27
1455,87880.81,2025-04-15 23:48:19
1456,1885.25,2025-05-01 01:47:12
1457,3084.84,2025-04-03 21:17:51
1458,3873.07,2025-01-27 06:30:48
1459,396.16,2025-05-23 21:54:43
1460,1022.31,2025-01-04 16:16:18
1461,3048.09,2025-02-23 12:39:21
1462,3463.29,2025-03-12 07:36:24
1463,23831.88,2025-01-12 04:50:23
1464,2693.67,2025-01-11 12:44:16
1465,3695.37,2025-03-10 19:42:40
1466,2409.94,2025-02-26 14:57:58
1467,73612.0,2025-04-14 15:51:39
1468,2378.47,2025-05-22 01:33:40
1469,39289.6,2025-01-19 03:33:13
1470,2492.19,2025-02-18 02:15:07
1471,2507.91,2025-03-16 13:18:27
1472,3490.24,2025-01-22 15:40:14
1473,3166.85,2025-01-09 18:27:05
1474,3144.7,2025-04-03 23:50:32
1475,1251.54,2025-03-25 17:31:10
1476,2728.36,2025-01-27 08:14:35
1477,2704.61,2025-05-27 16:05:30
1478,4304.0,2025-05-08 17:06:09
1479,3515.51,2025-04-15 23:20:07
1480,3610.66,2025-01-14 09:37:28
1481,4464.14,2025-04-26 04:08:10
1482,1235.23,2025-04-05 18:39:18
1483,2422.01,2025-03-31 19:39:42
1484,95446.86,2025-04-21 13:10:20
1485,2225.6,2025-03-22 20:47:10
1486,3394.04,2025-01-01 00:52:14
1487,57061.49,2025-01-22 12:19:03
1488,4764.5,2025-02-13 22:30:22
1489,4830.64,2025-03-21 03:25:29
1490,2809.92,2025-02-27 04:44:46
1491,1293.94,2025-02-06 06:16:24
1492,34910.88,2025-04-02 16:58:24
1493,2722.65,2025-04-23 10:14:04
1494,3112.32,2025-01-16 11:58:06
1495,3229.2,2025-01-12 12:19:56
1496,832.2,2025-01-28 23:13:26
1497,2130.89,2025-01-17 14:06:20
1498,972.34,2025-05-27 23:00:27
1499,3380.29,2025-04-28 03:16:14
1500,1922.26,2025-02-21 18:09:21
1501,61667.86,2025-04-03 14:07:30
1502,710.54,2025-03-25 15:15:49
1503,1130.94,2025-05-20 02:24:14
1504,2397.98,2025-01-24 09:44:35
1505,4160.19,2025-01-17 05:13:36
1506,3893.57,2025-05-05 02:41:01
1507,3847.61,2025-05-15 04:36:28
1508,763.86,2025-04-23 08:53:39
1509,2320.32,2025-04-26 00:16:45
1510,71476.64,2025-01-06 09:21:36
1511,3246.43,2025-02-03 03:06:25
1512,13011.76,2025-04-09 10:33:23
1513,3184.99,2025-01-16 22:07:19
1514,477.34,2025-05-17 01:29:28
1515,4013.6,2025-04-06 07:52:38
1516,1937.26,2025-05-06 04:00:59
1517,3426.92,2025-04-24 00:32:25
1518,645.09,2025-05-06 04:42:31
1519,3183.97,2025-02-23 10:59:38
1520,864.66,2025-02-27 23:48:36
1521,3054.2,2025-01-24 01:30:06
1522,888.82,2025-01-15 12:10:48
1523,41601.62,2025-03-09 12:57:40
1524,3880.0,2025-02-17 08:59:12
1525,4536.23,2025-02-12 14:38:16
1526,3886.76,2025-01-05 11:51:38
1527,3650.48,2025-01-28 15:26:18
1528,1477.02,2025-05-23 02:15:15
1529,647.31,2025-02-02 22:07:26
1530,495.52,2025-03-16 21:48:03
1531,2512.68,2025-04-25 06:48:48
1532,1971.84,2025-04-15 22:26:52
1533,295.25,2025-05-27 18:15:27
1534,1022.71,2025-01-11 15:01:55
1535,62408.08,2025-05-14 05:56:28
1536,3375.22,2025-03-31 22:08:19
1537,3581.86,2025-03-31 05:43:17
1538,2891.8,2025-02-24 09:00:47
1539,4835.28,2025-04-17 16:53:45
1540,596.36,2025-01-22 08:35:43
1541,2894.26,2025-03-22 07:02:03
1542,2656.37,2025-02-19 06:47:27
1543,333.25,2025-05-12 09:11:15
1544,4175.49,2025-01-26 23:13:53
1545,2720.68,2025-01-08 21:53:25
1546,2988.57,2025-03-10 06:26:49
1547,2278.76,2025-01-12 20:17:08
1548,2294.52,2025-05-20 06:25:36
1549,1009.9,2025-02-26 16:43:51
1550,2300.42,2025-05-17 06:31:42
1551,3887.85,2025-04-28 16:57:42
1552,3299.94,2025-04-10 06:38:57
1553,3051.19,2025-05-17 04:37:17
1554,1986.13,2025-03-15 17:45:18
1555,1633.49,2025-03-10 09:44:20
1556,775.56,2025-04-28 03:12:15
1557,2846.15,2025-03-15 21:24:23
1558,2213.71,2025-01-05 03:22:49
1559,4009.54,2025-05-31 15:27:36
1560,1433.0,2025-02-04 20:10:24
1561,3006.07,2025-03-01 23:17:31
1562,3878.74,2025-04-05 14:13:53
1563,1830.87,2025-01-23 13:10:10
1564,1788.67,2025-03-06 23:38:23
1565,77655.53,2025-03-27 01:29:30
1566,16605.56,2025-01-28 01:44:41
1567,70.33,2025-02-16 12:52:28
1568,922.61,2025-04-24 05:23:20
1569,1286.31,2025-02-20 21:38:08
1570,2298.29,2025-02-02 12:53:28
1571,1925.22,2025-03-15 22:15:55
1572,883.39,2025-03-30 09:21:24
1573,2237.04,2025-05-05 02:16:49
1574,137.67,2025-01-06 06:40:41
1575,4366.2,2025-04-23 09:44:54
1576,4809.49,2025-05-29 10:45:22
1577,4542.91,2025-04-20 08:21:28
1578,2266.62,2025-05-15 02:17:01
1579,2324.01,2025-03-10 10:50:01
1580,4099.93,2025-01-25 05:26:12
1581,2571.31,2025-01-30 22:38:02
1582,908.76,2025-03-18 04:28:18
1583,29503.43,2025-04-05 01:25:08
1584,3388.54,2025-01-07 12:05:30
1585,1323.7,2025-05-07 12:28:11
1586,2449.05,2025-04-18 10:30:21
1587,60009.16,2025-01-24 15:32:42
1588,112.05,2025-05-04 03:27:22
1589,189.65,2025-05-21 05:10:20
1590,1570.32,2025-02-04 06:45:08
1591,1593.7,2025-01-03 14:02:07
1592,2876.33,2025-02-14 06:15:37
1593,3250.18,2025-02-05 07:19:57
1594,30813.53,2025-02-24 06:14:07
1595,50.36,2025-03-07 07:01:14
1596,2788.49,2025-02-22 15:55:17
1597,3487.66,2025-03-21 15:09:26
1598,4830.01,2025-03-07 12:55:03
1599,1488.82,2025-02-18 18:13:24
1600,761.82,2025-05-23 01:21:02
1601,17405.26,2025-01-23 19:43:17
1602,596.71,2025-05-02 03:58:15
1603,271.81,2025-04-06 09:04:24
1604,99870.19,2025-05-15 04:43:08
1605,2201.24,2025-02-12 07:07:49
1606,4725.47,2025-03-25 10:45:53
1607,1061.9,2025-02-05 15:10:51
1608,25402.18,2025-03-11 21:20:08
1609,4719.05,2025-01-03 06:12:43
1610,70105.7,2025-04-03 11:55:07
1611,19.93,2025-01-12 21:57:18
1612,3543.83,2025-01-14 19:46:15
1613,1204.54,2025-02-26 06:37:47
1614,2510.38,2025-02-23 21:58:00
1615,1815.48,2025-04-20 06:13:45
1616,838.3,2025-04-16 05:24:10
1617,69303.12,2025-01-22 16:17:47
1618,541.2,2025-03-25 21:50:03
1619,1646.2,2025-03-20 09:52:15
1620,4534.22,2025-01-03 17:50:45
1621,2388.54,2025-03-22 20:18:31
1622,3164.49,2025-01-25 19:14:20
1623,4086.48,2025-01-04 14:44:57
1624,4966.09,2025-04-16 22:22:13
1625,177.47,2025-05-23 14:59:49
1626,4915.77,2025-01-11 07:53:28
1627,2840.59,2025-03-24 01:01:13
1628,4991.97,2025-05-18 19:08:22
1629,4288.47,2025-01-07 06:51:01
1630,61557.61,2025-04-28 13:41:32
1631,597.57,2025-01-24 14:39:14
1632,4007.16,2025-03-13 11:12:01
1633,3043.66,2025-01-27 23:59:51
1634,2057.48,2025-01-08 16:03:35
1635,4650.64,2025-01-21 20:25:24
1636,1044.25,2025-01-21 13:39:00
1637,4024.63,2025-03-09 02:07:43
1638,3971.79,2025-05-06 10:33:25
1639,2265.91,2025-01-21 12:40:32
1640,3784.25,2025-03-17 18:50:05
1641,4619.64,2025-02-26 13:31:59
1642,2925.84,2025-05-10 04:31:08
1643,361.32,2025-05-18 04:02:49
1644,1627.74,2025-04-10 19:22:29
1645,2038.29,2025-03-22 03:33:59
1646,97347.56,2025-04-12 00:54:45
1647,3809.84,2025-04-06 07:06:49
1648,4736.64,2025-04-04 23:09:59
1649,2128.46,2025-05-16 23:01:37
1650,3243.66,2025-03-20 00:00:18
1651,77861.22,2025-01-13 06:30:47
1652,1500.88,2025-01-13 02:39:13
1653,1795.05,2025-02-22 15:53:15
1654,129.02,2025-01-05 09:25:05
1655,2425.93,2025-05-21 23:48:00
1656,4097.02,2025-03-24 05:44:38
1657,3413.77,2025-04-08 08:10:56
1658,1675.01,2025-03-10 02:59:56
1659,14661.56,2025-04-28 07:46:45
1660,4848.31,2025-03-17 15:38:10
1661,3805.13,2025-04-05 03:21:49
1662,2503.66,2025-05-10 01:12:16
1663,8947.27,2025-01-26 15:38:14
1664,12046.36,2025-03-22 12:33:31
1665,37336.97,2025-04-06 11:14:47
1666,79821.98,2025-04-15 05:41:31
1667,50272.16,2025-01-19 18:41:46
1668,2384.9,2025-04-19 16:15:09
1669,2511.03,2025-02-03 15:22:29
1670,2978.29,2025-02-11 22:20:32
1671,4448.29,2025-04-23 21:07:13
1672,2359.54,2025-05-13 20:43:51
1673,2031.29,2025-04-26 08:19:41
1674,2043.82,2025-03-22 09:20:54
1675,27473.93,2025-05-06 08:25:26
1676,1940.5,2025-03-14 00:24:04
1677,1869.32,2025-02-20 21:50:14
1678,266.8,2025-03-21 02:44:47
1679,1314.04,2025-05-13 05:26:58
1680,3347.54,2025-04-03 02:47:53
1681,83185.63,2025-02-06 03:29:16
1682,4855.08,2025-02-11 11:34:01
1683,84495.36,2025-04-24 12:31:39
1684,3122.48,2025-01-09 12:40:05
1685,3022.8,2025-05-16 02:41:26
1686,3722.0,2025-03-27 08:11:11
1687,21947.14,2025-02-12 12:25:21
1688,25042.56,2025-02-20 12:54:21
1689,245.52,2025-02-26 09:17:13
1690,2358.8,2025-01-22 09:53:59
1691,1571.4,2025-02-12 04:36:32
1692,2101.67,2025-02-25 22:20:53
1693,1678.15,2025-05-24 22:09:02
1694,2993.66,2025-05-05 00:58:29
1695,396.94,2025-01-21 10:21:51
1696,2549.69,2025-04-17 11:19:24
1697,97207.99,2025-05-16 19:50:18
1698,508.81,2025-04-06 11:46:08
1699,3489.56,2025-03-21 21:03:19
1700,2293.81,2025-02-13 00:56:43
1701,3090.0,2025-04-05 06:51:27
1702,4744.09,2025-05-12 08:02:56
1703,3642.1,2025-05-21 16:25:45
1704,2859.5,2025-01-04 20:19:42
1705,1682.33,2025-02-06 16:17:26
1706,494.02,2025-03-19 03:37:04
1707,3387.46,2025-04-20 23:21:38
1708,3368.67,2025-03-20 12:37:57
1709,4472.33,2025-05-30 10:33:22
1710,604.27,2025-01-31 13:46:08
1711,66157.3,2025-01-05 16:23:40
1712,4934.21,2025-01-02 10:39:54
1713,4392.18,2025-04-08 03:21:52
1714,11950.87,2025-04-12 02:48:00
1715,106.92,2025-02-11 07:18:01
1716,2853.09,2025-05-31 23:10:34
1717,82990.51,2025-05-08 23:50:03
1718,685.77,2025-03-30 15:03:00
1719,1034.38,2025-05-17 22:20:18
1720,3396.66,2025-03-28 14:45:39
1721,3057.64,2025-01-21 12:46:36
1722,4225.99,2025-04-28 12:21:07
1723,2589.11,2025-02-14 16:18:17
1724,2845.66,2025-05-28 18:10:42
1725,1299.57,2025-05-11 11:30:29
1726,494.68,2025-01-31 18:44:59
1727,1909.83,2025-03-13 13:10:35
1728,80402.59,2025-01-14 17:08:49
1729,27257.27,2025-03-01 00:56:40
1730,2332.55,2025-05-05 13:42:45
1731,1190.88,2025-03-12 02:41:59
1732,1353.32,2025-01-20 07:11:25
1733,2073.84,2025-04-15 04:41:21
1734,1157.12,2025-01-21 14:45:11
1735,1495.03,2025-02-06 12:29:35
1736,2702.02,2025-04-27 16:19:42
1737,2756.47,2025-02-11 05:20:00
1738,2056.13,2025-02-04 12:22:27
1739,65355.42,2025-03-09 11:40:19
1740,4075.27,2025-01-01 06:16:01
1741,4126.62,2025-04-01 10:38:28
1742,3202.04,2025-01-27 05:04:55
1743,4196.71,2025-05-04 23:59:04
1744,3705.19,2025-05-30 02:33:06
1745,1672.39,2025-01-22 04:34:46
1746,827.8,2025-04-04 15:09:38
1747,226.79,2025-03-09 13:35:00
1748,1386.58,2025-04-02 06:13:59
1749,4785.36,2025-05-29 13:37:50
1750,721.94,2025-01-27 19:28:55
1751,2082.26,2025-05-28 04:45:11
1752,2060.42,2025-03-16 23:35:29
1753,4151.53,2025-05-31 15:42:44
1754,2134.66,2025-02-26 16:52:56
1755,3123.08,2025-05-04 12:30:23
1756,4244.35,2025-02-11 15:27:14
1757,3598.76,2025-05-04 05:28:03
1758,2296.46,2025-01-14 05:42:35
1759,2496.11,2025-01-06 09:02:51
1760,4567.95,2025-01-25 14:23:26
1761,1835.82,2025-05-24 04:03:30
1762,62900.57,2025-02-27 08:26:51
1763,586.32,2025-01-14 13:09:43
1764,790.84,2025-04-01 21:07:56
1765,1734.46,2025-03-16 13:31:03
1766,45252.71,2025-02-04 22:55:12
1767,2935.04,2025-02-09 16:17:19
1768,687.84,2025-03-21 01:47:49
1769,2038.03,2025-03-06 07:28:23
1770,2026.18,2025-05-23 07:56:20
1771,4570.95,2025-04-06 04:47:14
1772,47425.88,2025-05-07 07:09:34
1773,391.59,2025-03-19 16:35:35
1774,2745.63,2025-02-04 11:24:52
1775,534.12,2025-04-27 17:47:05
1776,4954.7,2025-03-03 01:26:52
1777,1800.08,2025-01-31 01:19:25
1778,3184.95,2025-04-01 08:42:55
1779,1865.21,2025-04-08 04:59:42
1780,457.23,2025-05-24 16:52:49
1781,24174.09,2025-04-06 05:29:46
1782,4710.41,2025-02-09 07:40:04
1783,3008.22,2025-04-22 23:06:24
1784,758.13,2025-03-30 19:26:08
1785,73241.83,2025-05-31 12:13:40
1786,2508.75,2025-01-09 12:33:40
1787,2786.15,2025-02-16 08:59:07
1788,3373.3,2025-02-09 05:10:38
1789,369.33,2025-03-02 02:24:15
1790,2645.43,2025-01-29 15:13:20
1791,64547.42,2025-05-23 14:56:04
1792,3313.27,2025-04-29 00:18:14
1793,3174.41,2025-02-12 21:46:32
1794,70650.56,2025-03-16 11:24:04
1795,3466.5,2025-01-30 22:09:59
1796,501.61,2025-05-19 00:54:23
1797,67860.75,2025-03-09 13:15:39
1798,2235.92,2025-04-09 18:13:23
1799,2301.95,2025-05-25 19:58:57
1800,698.78,2025-03-29 19:18:03
1801,2562.69,2025-01-02 10:58:58
1802,3028.78,2025-03-03 16:31:01
1803,3117.27,2025-03-28 10:57:39
1804,1169.74,2025-04-10 17:45:07
1805,2401.66,2025-02-21 04:19:48
1806,2025.08,2025-05-09 22:04:10
1807,3543.8,2025-05-24 22:11:26
1808,1055.46,2025-02-07 04:57:02
1809,1883.46,2025-05-22 22:29:41
1810,2118.95,2025-04-25 12:56:40
1811,3246.38,2025-02-27 23:57:54
1812,2869.51,2025-03-02 19:54:42
1813,3546.2,2025-02-27 23:03:31
1814,1553.97,2025-03-05 14:14:45
1815,3172.57,2025-03-05 02:28:33
1816,3431.2,2025-02-23 01:10:33
1817,2456.16,2025-01-08 23:33:35
1818,3417.44,2025-03-26 20:30:45
1819,4574.28,2025-02-10 18:16:54
1820,1945.23,2025-03-20 00:16:49
1821,1833.92,2025-04-23 14:31:01
1822,3314.46,2025-04-24 23:59:53
1823,71859.83,2025-02-09 17:51:25
1824,3752.8,2025-01-07 23:27:48
1825,67259.62,2025-04-23 03:14:40
1826,196.68,2025-01-03 20:00:16
1827,154.4,2025-05-28 18:48:05
1828,4156.25,2025-05-03 01:39:35
1829,124.15,2025-02-03 12:03:05
1830,1015.95,2025-02-11 17:24:26
1831,3054.16,2025-02-03 02:12:49
1832,2740.68,2025-01-12 21:27:18
1833,4943.21,2025-03-02 04:27:36
1834,15594.6,2025-03-03 07:45:49
1835,58611.17,2025-03-28 06:45:30
1836,3168.85,2025-02-07 11:29:32
1837,2752.64,2025-05-06 08:19:04
1838,4920.36,2025-02-20 20:42:55
1839,5566.79,2025-05-22 17:19:43
1840,730.79,2025-04-26 18:36:01
1841,2578.46,2025-01-04 10:54:33
1842,710.42,2025-01-24 01:18:41
1843,48857.72,2025-01-22 01:42:45
1844,1244.03,2025-03-11 03:05:35
1845,56299.29,2025-02-10 13:50:13
1846,785.48,2025-04-24 03:28:05
1847,3491.18,2025-04-24 17:18:12
1848,983.7,2025-03-16 04:55:48
1849,48737.67,2025-02-26 17:12:38
1850,4591.63,2025-02-24 15:33:05
1851,2236.55,2025-05-19 16:47:22
1852,1385.8,2025-03-20 05:02:43
1853,2016.43,2025-01-12 11:28:40
1854,3440.27,2025-02-18 12:52:51
1855,2188.52,2025-04-14 07:52:08
1856,3740.91,2025-04-20 16:08:36
1857,2220.32,2025-04-19 11:42:39
1858,4379.68,2025-03-01 01:35:36
1859,67099.67,2025-05-13 09:27:13
1860,320.02,2025-04-22 13:00:02
1861,545.25,2025-01-29 11:30:30
1862,1584.42,2025-03-19 09:58:58
1863,3100.45,2025-01-03 05:00:27
1864,2901.14,2025-02-08 02:27:47
1865,3189.4,2025-05-02 19:54:01
1866,2248.07,2025-04-27 02:09:45
1867,77587.68,2025-01-02 03:34:02
1868,53391.04,2025-05-17 00:31:49
1869,791.9,2025-03-17 01:53:26
1870,683.4,2025-01-21 13:22:52
1871,1281.09,2025-03-14 03:23:00
1872,2205.46,2025-02-03 09:12:03
1873,738.57,2025-01-24 18:58:54
1874,1582.0,2025-05-14 09:06:27
1875,4766.75,2025-05-24 12:47:47
1876,96568.86,2025-02-12 23:53:30
1877,1027.1,2025-05-08 10:36:48
1878,2148.02,2025-02-09 06:36:48
1879,63626.63,2025-05-15 19:13:23
1880,4213.41,2025-03-16 21:38:55
1881,8818.31,2025-05-13 04:17:36
1882,3763.08,2025-04-22 20:12:13
1883,4315.93,2025-01-11 18:41:58
1884,690.64,2025-03-20 21:27:22
1885,303.0,2025-03-12 05:50:20
1886,3356.24,2025-04-02 13:49:48
1887,99498.65,2025-03-11 20:31:50
1888,4796.15,2025-02-20 19:25:57
1889,2062.84,2025-03-28 14:16:48
1890,77555.58,2025-04-17 22:55:04
1891,4923.58,2025-03-19 07:01:43
1892,2503.59,2025-05-17 02:50:10
1893,1554.75,2025-02-03 16:49:02
1894,229.7,2025-05-23 04:27:15
1895,4518.81,2025-03-15 18:48:13
1896,1670.67,2025-05-30 02:42:08
1897,750.52,2025-03-22 03:41:00
1898,568.67,2025-05-27 18:52:13
1899,2969.02,2025-03-11 17:09:08
1900,517.55,2025-01-14 17:59:00
1901,4463.8,2025-04-04 09:54:45
1902,2061.34,2025-02-23 16:39:35
1903,44801.22,2025-03-29 18:24:49
1904,3108.22,2025-03-11 00:51:14
1905,3441.41,2025-04-11 19:30:21
1906,1361.95,2025-05-01 22:17:55
1907,32.13,2025-05-23 03:24:25
1908,126.8,2025-03-22 20:07:44
1909,1177.97,2025-01-21 02:32:24
1910,30.84,2025-03-22 07:45:09
1911,38684.22,2025-03-22 01:58:44
1912,4111.96,2025-03-01 07:02:33
1913,2181.32,2025-05-06 19:09:42
1914,39499.85,2025-05-27 04:07:14
1915,4554.8,2025-02-16 11:05:22
1916,24082.11,2025-01-06 00:40:15
1917,146.58,2025-04-04 21:49:56
1918,419.61,2025-03-22 18:35:47
1919,3406.91,2025-01-03 22:41:56
1920,89250.82,2025-03-15 17:29:39
1921,2267.15,2025-02-27 12:57:17
1922,3339.53,2025-01-16 06:57:41
1923,128.32,2025-01-15 17:45:51
1924,3911.18,2025-05-06 19:22:08
1925,628.22,2025-04-14 06:14:15
1926,758.67,2025-01-01 13:46:09
1927,12817.64,2025-04-19 10:46:32
1928,1710.81,2025-03-18 05:13:12
1929,2282.03,2025-04-14 12:14:08
1930,817.33,2025-04-10 16:39:22
1931,1289.77,2025-03-09 04:32:25
1932,341.51,2025-04-23 13:49:54
1933,4797.08,2025-02-10 00:39:31
1934,1606.28,2025-02-02 15:41:36
1935,98663.92,2025-01-20 10:59:21
1936,4307.93,2025-03-31 20:58:58
1937,2445.58,2025-04-27 15:57:07
1938,2660.04,2025-04-24 05:05:19
1939,1094.58,2025-02-16 08:51:05
1940,2949.73,2025-01-06 23:32:56
1941,1214.85,2025-03-20 07:09:14
1942,505.11,2025-03-30 21:11:34
1943,27697.1,2025-01-28 07:43:47
1944,2304.65,2025-04-14 07:28:01
1945,4443.74,2025-01-17 11:04:17
1946,29456.28,2025-02-26 11:41:50
1947,24263.41,2025-05-22 04:02:02
1948,4744.52,2025-05-23 13:36:48
1949,4232.91,2025-02-12 17:48:58
1950,630.76,2025-03-09 08:52:41
1951,3950.68,2025-02-17 10:28:54
1952,2557.69,2025-02-26 01:00:28
1953,64975.3,2025-04-24 21:55:07
1954,2585.13,2025-03-14 10:01:46
1955,4504.27,2025-02-04 05:33:34
1956,4215.74,2025-05-08 16:33:22
1957,85344.87,2025-04-07 05:53:00
1958,2813.19,2025-02-02 18:33:27
1959,3924.62,2025-04-12 15:40:00
1960,2196.73,2025-04-21 18:09:59
1961,101.52,2025-01-22 15:16:53
1962,2506.8,2025-03-23 16:59:42
1963,2501.47,2025-03-19 19:29:04
1964,54880.46,2025-02-20 05:59:19
1965,1122.83,2025-03-17 12:47:42
1966,14339.45,2025-05-29 03:19:09
1967,1136.9,2025-04-30 12:38:53
1968,3507.77,2025-05-19 03:56:13
1969,849.6,2025-01-24 11:34:41
1970,2378.23,2025-01-01 07:43:00
1971,2022.74,2025-04-10 11:01:39
1972,2117.18,2025-05-13 22:17:23
1973,1450.71,2025-04-28 18:13:25
1974,21736.05,2025-04-03 13:24:13
1975,1744.18,2025-02-09 11:04:12
1976,2611.39,2025-01-26 03:12:09
1977,492.99,2025-01-15 23:33:36
1978,822.7,2025-05-26 19:17:11
1979,36890.85,2025-02-22 12:56:42
1980,60726.83,2025-04-23 10:36:23
1981,1268.38,2025-05-12 20:59:29
1982,3265.12,2025-05-02 03:38:15
1983,1341.81,2025-05-10 05:59:03
1984,1551.94,2025-01-17 12:36:29
1985,2948.2,2025-02-23 12:20:49
1986,2671.52,2025-05-19 13:21:12
1987,1254.57,2025-04-19 03:15:12
1988,4211.77,2025-02-22 01:26:54
1989,2610.58,2025-03-16 20:02:33
1990,65259.41,2025-01-30 11:17:04
1991,1840.5,2025-01-16 00:34:08
1992,4365.98,2025-05-15 20:39:07
1993,1326.98,2025-02-19 18:22:13
1994,3356.68,2025-04-25 07:28:31
1995,92.71,2025-05-06 05:02:14
1996,85698.83,2025-03-04 20:12:38
1997,17382.73,2025-03-17 09:13:32
1998,1100.71,2025-03-26 07:06:53
1999,1075.12,2025-02-27 23:41:59
2000,96813.72,2025-03-02 20:27:36
